tag,include
samurai,1
erotic,1
toys,1
martial arts,1
courage,1
morality,1
coming of age,1
new zealand,1
inspiring,1
realistic,1
gothic,1
1920s,1
latin america,1
justice,1
gritty,1
judaism,1
christmas,1
depressing,1
robots,1
lawyers,1
revenge,1
sex,1
sisters,1
artificial intelligence,1
chicago,1
new orleans,1
pornography,1
sexuality,1
spain,1
vietnam,1
brazil,1
finnish,1
argentina,1
alcatraz,1
parallel universe,1
nature,1
broadway,1
philosophical,1
world war i,1
plot twist,1
world war ii,1
jazz,1
psychiatry,1
cold war,1
cheerleading,1
interracial romance,1
prejudice,1
workplace,1
fashion,1
disturbing,1
superheroes,1
thought-provoking,1
noir,1
brothers,1
fish,1
terrorism,1
action packed,1
football,1
drinking,1
dark,1
australia,1
loneliness,1
orphans,1
witches,1
immortality,1
art,1
death penalty,1
memory loss,1
alternate history,1
india,1
black comedy,1
geeks,1
prohibition,1
civil war,1
underwater,1
astronauts,1
mythology,1
cyberpunk,1
biographical,1
rock and roll,1
genius,1
mafia,1
goth,1
wizards,1
emotional,1
cute,1
insanity,1
love,1
homeless,1
teenagers,1
psychology,1
circus,1
controversial,1
moving,1
paris,1
puppets,1
supernatural,1
alaska,1
marriage,1
australian,1
new jersey,1
racing,1
cheesy,1
redemption,1
romance,1
colonialism,1
german,1
virus,1
autism,1
fantasy,1
survival,1
suicide,1
spanish,1
hong kong,1
drugs,1
zombies,1
children,1
trains,1
wine,1
revolution,1
adoption,1
ghosts,1
new york city,1
ecology,1
genocide,1
lesbian,1
war,1
witty,1
soccer,1
religion,1
teen,1
identity,1
communism,1
sad,1
brainwashing,1
food,1
ballet,1
dance,1
disappointing,1
mental illness,1
islam,1
boarding school,1
haunted house,1
italian,1
detective,1
obsession,1
high fantasy,1
television,1
love story,1
comedy,1
hacking,1
british,1
depression,1
stranded,1
scary,1
medieval,1
alien invasion,1
time travel,1
video games,1
existentialism,1
quirky,1
cheating,1
baseball,1
secrets,1
music,1
chick flick,1
1970s,1
gay,1
opera,1
memory,1
college,1
rome,1
boxing,1
cannibalism,1
gambling,1
virtual reality,1
san francisco,1
steampunk,1
nuclear war,1
midlife crisis,1
torture,1
incest,1
anime,1
dreams,1
surveillance,1
social commentary,1
werewolves,1
funny as hell,1
competition,1
intellectual,1
holocaust,1
suspense,1
isolation,1
thriller,1
visual,1
fighting,1
animals,1
london,1
israel,1
adolescence,1
futuristic,1
transgender,1
palestine,1
hitman,1
murder,1
rape,1
middle east,1
aging,1
horses,1
iraq,1
terminal illness,1
surrealism,1
metaphysics,1
treasure,1
violence,1
mystery,1
horror,1
adventure,1
las vegas,1
blindness,1
private detective,1
nostalgia,1
nuclear,1
beer,1
alternate universe,1
racism,1
biblical,1
internet,1
funny,1
shopping,1
god,1
los angeles,1
secret service,1
investigation,1
chase,1
mistaken identity,1
19th century,1
wilderness,1
office,1
cult,1
science fiction,1
pulp,1
life,1
inspirational,1
jewish,1
sexual,1
caper,1
antarctica,1
1930s,1
satire,1
business,1
courtroom drama,1
aids,1
birds,1
ireland,1
absurd,1
dark fantasy,1
poetry,1
south africa,1
political,1
travel,1
psychological,1
doctors,1
alcoholism,1
hawaii,1
humor,1
biography,1
canada,1
chocolate,1
school,1
nazis,1
immigrants,1
capitalism,1
cuba,1
space travel,1
action,1
musical,1
pigs,1
comics,1
us history,1
educational,1
computers,1
androids,1
schizophrenia,1
vienna,1
allegory,1
chess,1
minnesota,1
pregnancy,1
berlin,1
space,1
death,1
africa,1
gore,1
relationships,1
crude humor,1
iran,1
post apocalyptic,1
aliens,1
genetics,1
heartbreaking,1
technology,1
california,1
france,1
scotland,1
crime,1
swedish,1
dinosaurs,1
photography,1
foreign,1
marijuana,1
abortion,1
russia,1
graphic design,1
queer,1
hackers,1
intense,1
high school,1
spanish civil war,1
solitude,1
child abuse,1
boston,1
cancer,1
mining,1
military,1
new york,1
friendship,1
destiny,1
devil,1
prostitution,1
science,1
single father,1
childhood,1
police,1
drama,1
kids,1
christian,1
spies,1
journalism,1
england,1
western,1
germany,1
egypt,1
first contact,1
modern fantasy,1
mountain climbing,1
irish,1
moon,1
future,1
hilarious,1
surreal,1
apocalypse,1
classic,1
surfing,1
nerds,1
women,1
silly,1
race,1
demons,1
dogs,1
dark humor,1
catastrophe,1
dragons,1
romantic,1
hollywood,1
18th century,1
corruption,1
heroin,1
lions,1
vampires,1
betrayal,1
slavery,1
imagination,1
parenthood,1
utopia,1
suburbia,1
animation,1
twist,1
amnesia,1
camp,1
atheism,1
1980s,1
time,1
space opera,1
olympics,1
french,1
creepy,1
fairy tales,1
adaptation,1
character study,1
mathematics,1
parody,1
true story,1
gangs,1
jungle,1
china,1
sweet,1
italy,1
mutants,1
satirical,1
historical,1
sexual abuse,1
alternate reality,1
bullying,1
fbi,1
native americans,1
segregation,1
archaeology,1
cia,1
south america,1
environment,1
end of the world,1
cooking,1
disability,1
sexy,1
mars,1
history,1
clones,1
hospital,1
japan,1
strippers,1
money,1
surprise ending,1
politics,1
gangsters,1
fascism,1
mexico,1
courtroom,1
kidnapping,1
talking animals,1
1950s,1
pirates,1
basketball,1
censorship,1
afterlife,1
musicians,1
adultery,1
evolution,1
halloween,1
punk,1
organized crime,1
philosophy,1
cross dressing,1
addiction,1
guilt,1
aviation,1
jews,1
indie,1
tragedy,1
voodoo,1
divorce,1
conspiracy,1
self discovery,1
magic,1
catholicism,1
dystopia,1
rabbits,1
teleportation,1
homosexuality,1
1960s,1
factual,1
assassination,1
light,1
global warming,1
espionage,1
tokyo,1
cars,1
romantic comedy,1
poverty,1
